{"cameraMode":{"drawMode":0,"name":"Shaded","section":"Shading Mode"},"sceneLighting":true,"audioPlay":false,"sceneViewState":{"m_AlwaysRefresh":false,"showFog":true,"showSkybox":true,"showFlares":true,"showImageEffects":true,"showParticleSystems":true,"showVisualEffectGraphs":true,"m_FxEnabled":true},"in2DMode":false,"pivot":{"x":3.520782470703125,"y":2.7242209911346437,"z":-1.6025092601776124},"rotation":{"x":0.04703492298722267,"y":-0.8960424661636353,"z":0.4305233657360077,"w":0.09801837056875229},"size":1.9364120960235596,"orthographic":false}